{
  "AWS": {
    "precision": 0.5586206896551724,
    "recall": 0.5664335664335665,
    "f1-score": 0.5625,
    "support": 143.0
  },
  "Azure": {
    "precision": 0.5571428571428572,
    "recall": 0.5492957746478874,
    "f1-score": 0.5531914893617021,
    "support": 142.0
  },
  "accuracy": 0.5578947368421052,
  "macro avg": {
    "precision": 0.5578817733990148,
    "recall": 0.5578646705407269,
    "f1-score": 0.5578457446808511,
    "support": 285.0
  },
  "weighted avg": {
    "precision": 0.5578843660876329,
    "recall": 0.5578947368421052,
    "f1-score": 0.5578620754012692,
    "support": 285.0
  }
}